,country,year,energy_cons_change_pct,electricity_generation,biofuel_electricity,coal_electricity,fossil_electricity,gas_electricity,hydro_electricity,nuclear_electricity,oil_electricity,renewables_electricity,solar_electricity,wind_electricity,per_capita_electricity,population,gdp
1139,Austria,2000,0.309,59.852,1.528,5.727,16.419,7.851,41.835,0.0,2.841,43.434,0.003,0.067,7417.582,8069000.0,288000000000.0
1140,Austria,2001,3.726,61.052,1.668,6.893,18.819,8.746,40.455,0.0,3.18,42.233,0.005,0.105,7539.171,8098000.0,283000000000.0
1141,Austria,2002,0.22,60.689,1.517,6.613,18.792,9.308,40.227,0.0,2.871,41.896,0.009,0.14,7461.095,8134000.0,292000000000.0
1142,Austria,2003,1.301,58.081,1.647,8.443,22.83,11.164,33.215,0.0,3.223,35.252,0.015,0.372,7103.86,8176000.0,293000000000.0
1143,Austria,2004,1.676,61.935,1.912,7.905,22.306,10.953,36.762,0.0,3.448,39.629,0.018,0.934,7537.428,8217000.0,303000000000.0
1144,Austria,2005,1.704,64.487,2.435,7.166,23.602,13.028,37.095,0.0,3.408,40.885,0.021,1.331,7812.807,8254000.0,312000000000.0
1145,Austria,2006,-1.131,61.958,3.234,7.043,21.289,10.668,35.656,0.0,3.578,40.669,0.022,1.753,7478.313,8285000.0,325000000000.0
1146,Austria,2007,-2.322,62.922,4.059,6.6,19.744,9.903,37.054,0.0,3.24,43.177,0.024,2.037,7568.172,8314000.0,337000000000.0
1147,Austria,2008,1.992,64.497,4.158,5.527,19.966,11.181,38.329,0.0,3.258,44.531,0.03,2.011,7731.592,8342000.0,342000000000.0
1148,Austria,2009,-3.379,66.298,4.276,3.759,19.121,12.343,40.896,0.0,3.02,47.177,0.049,1.954,7918.078,8373000.0,336000000000.0
1149,Austria,2010,3.387,67.915,4.481,4.918,22.917,14.351,38.363,0.0,3.647,44.998,0.089,2.064,8075.517,8410000.0,341000000000.0
1150,Austria,2011,-6.357,62.259,4.56,5.432,21.35,12.437,34.237,0.0,3.482,40.908,0.174,1.936,7364.397,8454000.0,350000000000.0
1151,Austria,2012,4.891,68.698,4.679,4.388,17.37,9.712,43.848,0.0,3.27,51.328,0.337,2.463,8080.19,8502000.0,365000000000.0
1152,Austria,2013,-0.65,64.581,4.696,4.212,14.09,6.65,42.017,0.0,3.228,50.491,0.626,3.152,7548.049,8556000.0,368000000000.0
1153,Austria,2014,-4.161,61.599,4.548,2.935,11.413,5.321,41.007,0.0,3.157,50.186,0.785,3.846,7150.212,8615000.0,386000000000.0
1154,Austria,2015,0.156,61.85,4.648,2.954,14.268,7.664,37.157,0.0,3.65,47.582,0.937,4.84,7126.382,8679000.0,389000000000.0
1155,Austria,2016,3.308,65.256,4.78,2.043,14.173,8.488,39.971,0.0,3.643,51.083,1.096,5.235,7460.373,8747000.0,395000000000.0
1156,Austria,2017,2.391,67.43,4.921,1.758,16.375,10.914,38.294,0.0,3.703,51.055,1.269,6.572,7645.163,8820000.0,
1157,Austria,2018,-1.984,65.006,4.93,1.805,14.97,9.918,37.638,0.0,3.247,50.036,1.438,6.03,7311.44,8891000.0,
1158,Austria,2019,4.35,71.626,4.536,1.633,16.498,11.618,41.638,0.0,3.247,55.128,1.353,7.6,7998.409,8955000.0,
1663,Belgium,2000,2.265,82.773,0.568,12.916,33.572,15.977,0.46,48.157,4.679,1.044,0.0,0.016,8050.282,10282000.0,343000000000.0
1664,Belgium,2001,-0.811,78.618,0.597,9.936,31.194,15.78,0.441,46.349,5.478,1.075,0.0,0.037,7618.762,10319000.0,343000000000.0
1665,Belgium,2002,-0.41,80.939,0.721,10.029,32.441,17.868,0.36,47.36,4.544,1.138,0.0,0.057,7808.876,10365000.0,358000000000.0
1666,Belgium,2003,3.779,83.561,0.857,9.638,34.99,21.609,0.247,47.379,3.743,1.192,0.0,0.088,8020.06,10419000.0,356000000000.0
1667,Belgium,2004,0.339,84.352,1.038,9.146,35.543,21.477,0.317,47.312,4.92,1.497,0.001,0.141,8048.872,10480000.0,361000000000.0
1668,Belgium,2005,-1.152,85.444,1.59,8.199,35.742,22.849,0.288,47.595,4.694,2.106,0.001,0.227,8101.229,10547000.0,370000000000.0
1669,Belgium,2006,0.21,84.093,2.226,6.848,34.495,23.022,0.359,46.645,4.625,2.953,0.002,0.366,7919.068,10619000.0,370000000000.0
1670,Belgium,2007,0.607,87.282,2.599,6.475,35.569,25.386,0.389,48.227,3.708,3.485,0.006,0.491,8158.69,10698000.0,382000000000.0
1671,Belgium,2008,1.719,83.335,3.328,5.547,33.351,24.646,0.41,45.568,3.158,4.416,0.041,0.637,7731.195,10779000.0,392000000000.0
1672,Belgium,2009,-6.573,89.722,3.95,5.178,37.06,29.31,0.328,47.222,2.572,5.44,0.166,0.996,8261.696,10860000.0,402000000000.0
1673,Belgium,2010,6.469,93.579,4.33,4.197,39.141,31.42,0.312,47.944,3.524,6.494,0.56,1.292,8554.619,10939000.0,420000000000.0
1674,Belgium,2011,-6.794,88.855,4.676,3.476,32.268,25.438,0.196,48.234,3.354,8.353,1.169,2.312,8067.494,11014000.0,419000000000.0
1675,Belgium,2012,-3.896,81.373,5.182,3.389,30.64,23.546,0.357,40.295,3.705,10.438,2.148,2.751,7340.826,11085000.0,430000000000.0
1676,Belgium,2013,2.572,81.724,4.968,3.008,27.423,20.924,0.38,42.644,3.491,11.657,2.644,3.665,7326.865,11154000.0,438000000000.0
1677,Belgium,2014,-6.817,71.033,4.46,2.09,25.076,19.322,0.292,33.703,3.664,12.254,2.886,4.615,6330.389,11221000.0,437000000000.0
1678,Belgium,2015,1.435,68.242,5.55,2.075,27.641,22.026,0.318,26.103,3.54,14.499,3.056,5.574,6045.571,11288000.0,443000000000.0
1679,Belgium,2016,7.72,84.155,5.436,0.39,26.294,22.122,0.37,43.523,3.782,14.339,3.095,5.438,7411.934,11354000.0,448000000000.0
1680,Belgium,2017,1.146,85.086,5.766,0.091,27.002,23.028,0.27,42.227,3.883,15.857,3.307,6.514,7450.622,11420000.0,
1681,Belgium,2018,-2.591,73.581,5.459,0.091,27.844,23.99,0.314,28.597,3.763,17.139,3.902,7.465,6408.352,11482000.0,
1682,Belgium,2019,4.795,90.303,5.217,0.091,29.122,25.158,0.306,42.417,3.873,18.765,3.879,9.362,7825.933,11539000.0,
5604,Finland,2000,0.698,69.785,8.639,8.487,23.927,10.131,14.66,22.479,5.309,23.379,0.002,0.078,13451.215,5188000.0,171000000000.0
5605,Finland,2001,2.234,74.307,8.272,10.614,29.986,11.69,13.205,22.773,7.682,21.549,0.002,0.07,14289.882,5200000.0,173000000000.0
5606,Finland,2002,0.999,74.72,8.989,12.706,32.594,11.625,10.776,22.295,8.263,19.831,0.002,0.064,14333.431,5213000.0,175000000000.0
5607,Finland,2003,7.256,84.08,9.379,19.248,42.284,13.848,9.591,22.731,9.188,19.065,0.002,0.093,16085.776,5227000.0,174000000000.0
5608,Finland,2004,-0.924,85.588,10.44,16.497,37.24,12.747,15.07,22.716,7.996,25.632,0.002,0.12,16327.427,5242000.0,183000000000.0
5609,Finland,2005,-9.112,70.336,9.512,6.497,23.596,11.231,13.784,23.271,5.868,23.469,0.003,0.17,13374.325,5259000.0,188000000000.0
5610,Finland,2006,7.075,82.054,10.814,16.325,36.682,12.323,11.494,22.906,8.034,22.467,0.003,0.156,15549.428,5277000.0,195000000000.0
5611,Finland,2007,-0.258,80.926,9.955,13.888,33.179,10.557,14.177,23.423,8.734,24.324,0.004,0.188,15274.886,5298000.0,210000000000.0
5612,Finland,2008,-3.533,76.995,10.405,8.502,26.256,11.033,17.112,22.958,6.721,27.781,0.004,0.261,14475.529,5319000.0,214000000000.0
5613,Finland,2009,-7.2,71.772,8.734,11.126,26.545,9.819,12.686,23.526,5.6,21.701,0.004,0.277,13435.417,5342000.0,202000000000.0
5614,Finland,2010,8.753,80.363,10.974,14.541,33.367,11.262,12.922,22.8,7.564,24.195,0.005,0.294,14976.288,5366000.0,204000000000.0
5615,Finland,2011,-6.914,73.198,11.245,9.776,25.835,9.447,12.445,23.187,6.612,24.177,0.005,0.481,13580.407,5390000.0,207000000000.0
5616,Finland,2012,-3.191,70.088,11.2,7.098,18.542,6.732,16.859,22.987,4.712,28.559,0.006,0.494,12943.262,5415000.0,210000000000.0
5617,Finland,2013,0.64,70.967,12.011,10.688,21.732,6.788,12.839,23.606,4.256,25.63,0.006,0.774,13047.884,5439000.0,206000000000.0
5618,Finland,2014,-3.677,67.802,11.759,7.923,17.951,5.521,13.397,23.58,4.507,26.271,0.008,1.107,12415.588,5461000.0,207000000000.0
5619,Finland,2015,-0.834,68.349,11.419,5.12,14.577,5.195,16.769,23.245,4.262,30.527,0.011,2.327,12470.186,5481000.0,208000000000.0
5620,Finland,2016,2.488,68.491,11.523,6.974,14.876,3.738,15.799,23.203,4.164,30.412,0.022,3.068,12457.471,5498000.0,211000000000.0
5621,Finland,2017,-3.263,67.124,11.862,5.857,13.17,3.3,14.771,22.477,4.013,31.477,0.049,4.795,12179.943,5511000.0,
5622,Finland,2018,0.451,69.982,12.91,5.791,15.049,4.195,13.301,22.793,5.063,32.14,0.09,5.839,12671.035,5523000.0,
5623,Finland,2019,-4.309,67.578,12.738,4.487,12.596,4.159,12.225,23.802,3.95,31.18,0.09,6.127,12215.892,5532000.0,
5725,France,2000,1.283,535.185,2.479,27.004,50.62,11.514,66.363,415.162,12.102,69.403,0.005,0.048,9068.626,59015000.0,1930000000000.0
5726,France,2001,1.185,545.287,2.849,20.478,46.472,15.146,74.267,421.076,10.848,77.739,0.006,0.131,9182.385,59384000.0,2010000000000.0
5727,France,2002,-0.989,553.631,3.043,23.658,52.664,18.369,60.397,436.76,10.637,64.207,0.007,0.266,9257.575,59803000.0,2050000000000.0
5728,France,2003,1.044,561.504,3.227,26.26,57.377,19.368,58.944,441.07,11.749,63.057,0.008,0.388,9319.251,60252000.0,1960000000000.0
5729,France,2004,0.817,568.71,3.312,24.372,56.529,21.049,59.555,448.241,11.108,63.94,0.008,0.595,9369.508,60698000.0,2020000000000.0
5730,France,2005,-0.551,571.21,3.391,27.515,63.356,23.069,51.48,451.529,12.772,56.325,0.011,0.963,9345.711,61120000.0,2110000000000.0
5731,France,2006,-0.836,569.433,3.377,22.889,56.902,21.76,56.304,450.191,12.253,62.34,0.012,2.183,9257.713,61509000.0,2170000000000.0
5732,France,2007,-1.77,563.809,3.751,24.446,58.171,21.987,57.604,439.73,11.738,65.908,0.018,4.07,9112.955,61869000.0,2290000000000.0
5733,France,2008,0.277,568.852,3.971,23.063,55.579,21.884,63.654,439.447,10.632,73.826,0.042,5.694,9144.204,62209000.0,2300000000000.0
5734,France,2009,-5.57,530.712,4.13,21.667,51.318,20.503,56.994,409.736,9.148,69.658,0.174,7.912,8485.556,62543000.0,2280000000000.0
5735,France,2010,2.967,564.341,4.441,23.359,57.624,23.758,62.714,428.521,10.507,78.196,0.62,9.945,8974.891,62880000.0,2330000000000.0
5736,France,2011,-3.872,567.805,5.036,17.807,59.391,29.489,45.745,442.388,12.095,66.026,2.334,12.372,8981.131,63222000.0,2390000000000.0
5737,France,2012,-0.139,566.978,5.256,21.45,56.364,22.753,59.832,425.406,12.161,85.208,4.428,15.178,8919.804,63564000.0,2410000000000.0
5738,France,2013,0.859,576.208,5.537,23.831,53.24,18.393,71.922,423.685,11.016,99.283,5.194,16.127,9018.191,63894000.0,2500000000000.0
5739,France,2014,-4.284,566.009,5.909,11.242,35.569,13.163,63.773,436.479,11.164,93.961,6.391,17.324,8817.17,64194000.0,2530000000000.0
5740,France,2015,0.532,573.867,6.522,11.874,44.608,21.143,55.556,437.428,11.591,91.832,7.753,21.421,8903.655,64453000.0,2560000000000.0
5741,France,2016,-1.63,558.773,7.535,10.344,56.565,34.967,60.839,403.195,11.253,99.013,8.659,21.381,8640.64,64668000.0,2600000000000.0
5742,France,2017,-0.63,556.077,7.766,12.818,65.101,40.5,50.001,398.359,11.783,92.617,9.585,24.609,8575.742,64843000.0,
5743,France,2018,1.764,575.97,8.335,8.413,49.631,30.588,65.285,412.942,10.631,113.397,10.569,28.599,8862.309,64991000.0,
5744,France,2019,-1.946,564.97,8.335,4.413,53.631,37.588,57.285,398.942,11.631,112.397,12.569,33.599,8674.502,65130000.0,
6114,Germany,2000,0.632,571.94,3.4,291.4,364.5,49.2,24.9,169.6,23.9,37.84,0.04,9.5,7026.204,81401000.0,2790000000000.0
6115,Germany,2001,1.766,582.0,5.2,293.2,371.7,55.5,23.2,171.3,23.0,39.0,0.1,10.5,7145.137,81454000.0,2840000000000.0
6116,Germany,2002,-1.325,581.9,6.4,292.6,371.0,56.3,23.7,164.8,22.1,46.1,0.2,15.8,7136.812,81535000.0,2860000000000.0
6117,Germany,2003,-0.096,604.1,8.9,304.7,392.9,62.9,17.7,165.1,25.3,46.1,0.3,19.2,7401.916,81614000.0,2880000000000.0
6118,Germany,2004,-0.097,611.9,10.7,298.8,387.3,63.0,20.1,167.1,25.5,57.5,0.6,26.1,7494.55,81646000.0,2960000000000.0
6119,Germany,2005,-1.21,616.5,14.7,288.2,390.0,72.7,19.6,163.0,29.1,63.5,1.3,27.9,7554.869,81603000.0,3070000000000.0
6120,Germany,2006,2.452,633.6,18.9,289.0,393.7,75.3,20.0,167.4,29.4,72.5,2.2,31.4,7776.905,81472000.0,3190000000000.0
6121,Germany,2007,-4.294,634.5,24.6,297.1,404.6,78.1,21.2,140.5,29.4,89.4,3.1,40.5,7806.541,81278000.0,3370000000000.0
6122,Germany,2008,0.995,635.5,28.0,275.2,392.5,89.1,20.4,148.8,28.2,94.2,4.4,41.4,7839.291,81066000.0,3390000000000.0
6123,Germany,2009,-6.23,590.938,30.8,253.5,360.1,80.9,19.0,134.9,25.7,95.938,6.6,39.538,7304.549,80900000.0,3230000000000.0
6124,Germany,2010,4.196,626.8,33.9,262.9,381.0,89.3,21.0,140.6,28.8,105.2,11.7,38.6,7754.834,80827000.0,3370000000000.0
6125,Germany,2011,-3.677,607.5,36.9,262.5,375.4,86.1,17.7,108.0,26.8,124.1,19.6,49.9,7513.357,80856000.0,3520000000000.0
6126,Germany,2012,1.263,623.1,43.3,277.1,380.5,76.4,21.8,99.5,27.0,143.1,26.4,51.6,7695.158,80973000.0,3530000000000.0
6127,Germany,2013,2.821,632.9,45.5,288.2,383.3,67.5,23.0,97.3,27.6,152.3,31.0,52.7,7796.831,81174000.0,3650000000000.0
6128,Germany,2014,-4.217,622.0,48.3,274.4,362.3,61.1,19.6,97.1,26.8,162.6,36.1,58.5,7636.587,81450000.0,3780000000000.0
6129,Germany,2015,1.774,642.4,50.4,272.2,361.8,62.0,19.0,91.8,27.6,188.8,38.7,80.6,7854.549,81787000.0,3850000000000.0
6130,Germany,2016,1.641,644.8,50.9,261.7,370.5,81.3,20.5,84.6,27.5,189.7,38.1,80.0,7844.855,82194000.0,3920000000000.0
6131,Germany,2017,1.206,647.9,51.0,241.3,355.1,86.7,20.2,76.3,27.1,216.5,39.4,105.7,7838.322,82658000.0,
6132,Germany,2018,-2.5,637.4,50.9,228.2,336.5,82.5,18.0,76.0,25.8,224.9,45.8,110.0,7668.062,83124000.0,
6133,Germany,2019,-2.228,603.9,50.2,171.5,286.4,90.5,19.7,75.1,24.4,242.4,46.4,125.9,7230.863,83517000.0,
6395,Greece,2000,5.457,53.425,0.0,34.313,49.281,5.92,3.693,0.0,9.048,4.144,0.0,0.451,4820.881,11082000.0,248000000000.0
6396,Greece,2001,0.968,53.076,0.079,35.431,50.144,6.133,2.097,0.0,8.58,2.932,0.0,0.756,4767.02,11134000.0,262000000000.0
6397,Greece,2002,0.413,53.945,0.126,34.566,50.368,7.061,2.8,0.0,8.741,3.577,0.0,0.651,4824.271,11182000.0,279000000000.0
6398,Greece,2003,5.111,57.905,0.105,35.17,52.013,8.024,4.766,0.0,8.819,5.892,0.0,1.021,5161.333,11219000.0,278000000000.0
6399,Greece,2004,0.161,58.813,0.124,35.38,52.895,8.991,4.672,0.0,8.524,5.918,0.001,1.121,5234.782,11235000.0,289000000000.0
6400,Greece,2005,0.562,59.427,0.122,35.543,53.021,8.171,5.017,0.0,9.307,6.406,0.001,1.266,5294.177,11225000.0,282000000000.0
6401,Greece,2006,3.359,60.18,0.114,32.264,52.5,10.61,5.865,0.0,9.626,7.68,0.001,1.699,5380.395,11185000.0,303000000000.0
6402,Greece,2007,1.934,62.712,0.184,34.676,58.117,14.165,2.591,0.0,9.276,4.595,0.001,1.818,5639.554,11120000.0,311000000000.0
6403,Greece,2008,-3.551,62.913,0.191,33.356,57.162,13.797,3.312,0.0,10.009,5.751,0.005,2.242,5698.63,11040000.0,322000000000.0
6404,Greece,2009,-3.264,61.094,0.218,34.188,52.909,11.023,5.374,0.0,7.698,8.185,0.05,2.543,5574.781,10959000.0,320000000000.0
6405,Greece,2010,-4.831,57.367,0.19,30.797,46.845,9.848,7.46,0.0,6.2,10.522,0.158,2.714,5268.799,10888000.0,300000000000.0
6406,Greece,2011,-2.556,59.173,0.207,31.063,51.029,14.069,4.011,0.0,5.897,8.144,0.61,3.315,5464.269,10829000.0,269000000000.0
6407,Greece,2012,-5.402,60.771,0.204,31.119,50.62,13.476,4.403,0.0,6.025,10.151,1.694,3.85,5636.869,10781000.0,262000000000.0
6408,Greece,2013,-5.325,57.115,0.216,26.406,42.765,10.876,6.346,0.0,5.483,14.35,3.648,4.139,5317.432,10741000.0,270000000000.0
6409,Greece,2014,-5.864,50.342,0.22,25.746,38.166,6.79,4.476,0.0,5.63,12.176,3.792,3.689,4704.447,10701000.0,264000000000.0
6410,Greece,2015,0.668,51.822,0.231,22.107,36.972,9.09,6.098,0.0,5.775,14.85,3.9,4.621,4861.388,10660000.0,264000000000.0
6411,Greece,2016,-1.631,54.416,0.274,18.883,39.523,14.973,5.543,0.0,5.667,14.893,3.93,5.146,5126.325,10615000.0,264000000000.0
6412,Greece,2017,5.352,55.189,0.31,18.765,41.388,17.128,3.963,0.0,5.495,13.801,3.991,5.537,5221.765,10569000.0,
6413,Greece,2018,-0.512,53.246,0.314,17.185,37.098,14.085,5.743,0.0,5.827,16.148,3.791,6.3,5060.476,10522000.0,
6414,Greece,2019,-1.35,50.007,0.314,12.219,34.2,16.154,4.276,0.0,5.827,15.807,3.976,7.24,4774.808,10473000.0,
8030,Italy,2000,1.419,269.155,1.394,26.272,218.276,101.36,44.199,0.0,90.644,50.879,0.018,0.563,4747.672,56692000.0,1890000000000.0
8031,Italy,2001,0.514,271.073,1.832,31.73,216.725,104.188,46.81,0.0,80.807,54.348,0.019,1.179,4766.113,56875000.0,1940000000000.0
8032,Italy,2002,-0.801,276.764,2.709,35.447,228.448,99.414,39.519,0.0,93.587,48.316,0.021,1.404,4839.968,57183000.0,1880000000000.0
8033,Italy,2003,3.275,285.389,3.373,38.813,238.524,117.3,36.67,0.0,82.411,46.865,0.024,1.458,4957.683,57565000.0,1860000000000.0
8034,Italy,2004,1.815,294.827,4.221,45.518,240.956,129.843,42.338,0.0,65.595,53.872,0.029,1.847,5087.791,57948000.0,1870000000000.0
8035,Italy,2005,0.106,295.725,4.674,43.606,247.285,149.327,36.067,0.0,54.352,48.44,0.031,2.343,5074.131,58281000.0,1910000000000.0
8036,Italy,2006,-0.47,306.664,5.107,44.208,256.03,158.139,36.994,0.0,53.683,50.634,0.035,2.971,5238.269,58543000.0,1980000000000.0
8037,Italy,2007,-1.872,307.201,5.257,44.112,259.486,172.709,32.815,0.0,42.665,47.715,0.039,4.034,5229.136,58748000.0,2090000000000.0
8038,Italy,2008,-1.386,312.507,5.966,43.073,254.343,172.767,41.623,0.0,38.503,58.164,0.193,4.861,5303.744,58922000.0,2110000000000.0
8039,Italy,2009,-6.644,287.572,7.555,39.745,218.318,147.357,49.137,0.0,31.216,69.254,0.676,6.543,4865.369,59106000.0,2060000000000.0
8040,Italy,2010,3.024,297.895,9.439,39.734,220.932,152.811,51.117,0.0,28.387,76.963,1.906,9.126,5021.401,59325000.0,2050000000000.0
8041,Italy,2011,-2.324,299.738,10.831,44.726,216.779,144.598,45.823,0.0,27.455,82.96,10.796,9.856,5030.097,59589000.0,2090000000000.0
8042,Italy,2012,-2.725,296.481,12.486,49.141,204.26,129.142,41.875,0.0,25.977,92.221,18.862,13.407,4951.334,59879000.0,2090000000000.0
8043,Italy,2013,-4.733,287.078,17.083,45.105,175.077,108.907,52.773,0.0,21.065,112.001,21.589,14.897,4771.348,60167000.0,2080000000000.0
8044,Italy,2014,-5.505,277.43,18.724,43.454,156.76,93.656,58.545,0.0,19.65,120.67,22.306,15.178,4592.447,60410000.0,2090000000000.0
8045,Italy,2015,2.213,280.954,19.385,43.201,172.06,110.878,45.537,0.0,17.981,108.894,22.942,14.844,4637.883,60578000.0,2110000000000.0
8046,Italy,2016,0.972,287.196,19.497,35.607,179.185,126.172,42.432,0.0,17.406,108.011,22.104,17.689,4734.283,60663000.0,2130000000000.0
8047,Italy,2017,0.985,293.332,19.367,32.627,189.445,140.364,36.199,0.0,16.454,103.886,24.378,17.742,4834.557,60674000.0,
8048,Italy,2018,0.543,287.379,19.14,28.47,172.976,128.556,48.786,0.0,15.951,114.402,22.654,17.716,4740.111,60627000.0,
8049,Italy,2019,-2.385,290.153,19.125,19.668,173.074,137.456,46.877,0.0,15.951,117.079,24.67,20.319,4791.951,60550000.0,
10670,Netherlands,2000,1.3,89.383,1.992,24.276,82.486,51.522,0.142,3.926,6.688,2.971,0.008,0.829,5612.397,15926000.0,636000000000.0
10671,Netherlands,2001,3.834,93.421,2.348,25.481,86.143,53.771,0.117,3.976,6.891,3.302,0.012,0.825,5832.277,16018000.0,642000000000.0
10672,Netherlands,2002,0.019,95.755,2.902,25.992,87.865,55.28,0.11,3.915,6.593,3.975,0.016,0.947,5943.825,16110000.0,650000000000.0
10673,Netherlands,2003,0.677,96.597,2.545,26.571,88.617,55.02,0.072,4.018,7.026,3.962,0.025,1.32,5962.386,16201000.0,638000000000.0
10674,Netherlands,2004,3.344,101.011,3.308,24.947,91.882,59.987,0.095,3.822,6.948,5.307,0.034,1.871,6201.921,16287000.0,651000000000.0
10675,Netherlands,2005,2.063,99.661,5.257,23.5,88.217,57.599,0.088,3.997,7.118,7.447,0.035,2.067,6089.115,16367000.0,694000000000.0
10676,Netherlands,2006,-2.055,98.685,5.173,23.737,87.166,57.142,0.106,3.469,6.287,8.05,0.037,2.734,6002.745,16440000.0,729000000000.0
10677,Netherlands,2007,1.691,104.989,4.0,24.917,93.207,61.01,0.107,4.2,7.28,7.583,0.038,3.438,6360.29,16507000.0,778000000000.0
10678,Netherlands,2008,-1.259,107.404,5.129,23.483,93.704,63.359,0.102,4.169,6.862,9.531,0.04,4.26,6482.615,16568000.0,781000000000.0
10679,Netherlands,2009,-1.449,113.559,6.111,24.278,98.476,68.872,0.098,4.248,5.326,10.835,0.045,4.581,6830.236,16626000.0,749000000000.0
10680,Netherlands,2010,5.838,119.115,7.043,22.588,103.95,75.333,0.105,3.969,6.029,11.197,0.056,3.993,7139.92,16683000.0,738000000000.0
10681,Netherlands,2011,-4.287,113.813,7.059,21.39,97.352,69.475,0.057,4.141,6.487,12.32,0.104,5.1,6799.688,16738000.0,744000000000.0
10682,Netherlands,2012,-3.274,103.088,7.204,24.212,86.692,56.564,0.104,3.915,5.916,12.481,0.191,4.982,6139.114,16792000.0,761000000000.0
10683,Netherlands,2013,-2.984,101.507,5.954,24.614,86.51,56.07,0.114,2.891,5.826,12.106,0.41,5.627,6026.314,16844000.0,817000000000.0
10684,Netherlands,2014,-5.551,103.212,5.013,29.485,87.474,51.522,0.112,4.091,6.467,11.648,0.725,5.797,6109.771,16893000.0,805000000000.0
10685,Netherlands,2015,1.222,110.23,4.934,39.375,92.468,47.273,0.093,4.077,5.82,13.685,1.109,7.55,6507.853,16938000.0,821000000000.0
10686,Netherlands,2016,1.771,115.074,4.905,36.72,96.337,53.896,0.1,3.96,5.721,14.777,1.602,8.17,6776.649,16981000.0,839000000000.0
10687,Netherlands,2017,-1.344,117.137,4.599,31.276,96.298,59.394,0.061,3.402,5.629,17.437,2.208,10.569,6881.915,17021000.0,
10688,Netherlands,2018,-0.134,114.365,4.555,27.47,91.966,58.359,0.072,3.515,6.137,18.884,3.693,10.564,6703.683,17060000.0,
10689,Netherlands,2019,-0.424,121.568,5.798,17.715,94.943,71.448,0.074,3.91,5.779,22.715,5.32,11.523,7110.476,17097000.0,
11555,Norway,2000,10.572,141.001,0.286,0.0,0.274,0.274,140.4,0.0,0.0,140.727,0.01,0.031,31340.627,4499000.0,245000000000.0
11556,Norway,2001,-9.288,119.949,0.332,0.0,0.322,0.322,119.258,0.0,0.0,119.627,0.01,0.027,26519.881,4523000.0,245000000000.0
11557,Norway,2002,3.916,128.811,0.316,0.0,0.332,0.332,128.078,0.0,0.0,128.479,0.01,0.075,28334.98,4546000.0,244000000000.0
11558,Norway,2003,-11.441,105.512,0.427,0.0,0.432,0.432,104.425,0.0,0.0,105.08,0.01,0.218,23088.053,4570000.0,255000000000.0
11559,Norway,2004,1.82,108.882,0.449,0.0,0.478,0.478,107.693,0.0,0.0,108.404,0.01,0.252,23680.191,4598000.0,276000000000.0
11560,Norway,2005,13.83,135.72,0.382,0.0,0.498,0.498,134.331,0.0,0.0,135.222,0.01,0.499,29300.561,4632000.0,328000000000.0
11561,Norway,2006,-8.302,119.879,0.449,0.0,0.599,0.599,118.175,0.0,0.0,119.28,0.02,0.636,25653.495,4673000.0,348000000000.0
11562,Norway,2007,7.231,134.564,0.453,0.0,0.88,0.88,132.319,0.0,0.0,133.684,0.02,0.892,28515.33,4719000.0,352000000000.0
11563,Norway,2008,2.353,139.621,0.464,0.0,0.57,0.57,137.654,0.0,0.0,139.051,0.02,0.913,29264.439,4771000.0,391000000000.0
11564,Norway,2009,-7.574,129.409,0.282,0.0,4.1,4.1,124.03,0.0,0.0,125.309,0.02,0.977,26809.463,4827000.0,339000000000.0
11565,Norway,2010,-3.382,122.327,0.442,0.0,4.729,4.729,116.257,0.0,0.0,117.598,0.02,0.879,25036.255,4886000.0,355000000000.0
11566,Norway,2011,1.081,125.474,0.419,0.0,3.972,3.972,119.78,0.0,0.0,121.502,0.02,1.283,25358.618,4948000.0,399000000000.0
11567,Norway,2012,10.785,145.842,0.44,0.0,2.665,2.665,141.189,0.0,0.0,143.177,0.0,1.548,29086.937,5014000.0,411000000000.0
11568,Norway,2013,-6.421,132.512,0.6,0.0,2.48,2.48,127.551,0.0,0.0,130.032,0.0,1.881,26090.12,5079000.0,406000000000.0
11569,Norway,2014,2.703,140.147,0.468,0.0,2.62,2.62,134.844,0.0,0.0,137.527,0.0,2.215,27255.305,5142000.0,390000000000.0
11570,Norway,2015,1.299,142.256,0.474,0.0,2.607,2.607,136.662,0.0,0.0,139.649,0.0,2.513,27356.85,5200000.0,396000000000.0
11571,Norway,2016,1.063,147.394,0.425,0.0,2.609,2.609,142.244,0.0,0.0,144.785,0.0,2.116,28069.785,5251000.0,400000000000.0
11572,Norway,2017,0.398,147.529,0.455,0.0,2.571,2.571,141.651,0.0,0.0,144.958,0.0,2.852,27856.665,5296000.0,
11573,Norway,2018,-0.915,145.081,0.375,0.0,2.626,2.626,138.202,0.0,0.0,142.455,0.002,3.876,27178.973,5338000.0,
11574,Norway,2019,-7.218,132.016,0.449,0.0,2.361,2.361,123.663,0.0,0.0,129.655,0.013,5.53,24542.841,5379000.0,
12804,Poland,2000,-6.024,143.175,0.221,135.888,140.843,0.928,2.106,0.0,4.027,2.332,0.0,0.005,3713.323,38557000.0,511000000000.0
12805,Poland,2001,-0.709,143.721,0.444,134.97,140.938,1.358,2.325,0.0,4.61,2.783,0.0,0.014,3730.093,38530000.0,513000000000.0
12806,Poland,2002,-1.077,142.491,0.427,132.946,139.724,2.198,2.279,0.0,4.58,2.767,0.0,0.061,3702.122,38489000.0,530000000000.0
12807,Poland,2003,3.476,150.009,0.455,140.658,147.759,2.425,1.671,0.0,4.676,2.25,0.0,0.124,3902.224,38442000.0,528000000000.0
12808,Poland,2004,0.651,152.276,0.983,141.121,149.069,3.225,2.082,0.0,4.723,3.207,0.0,0.142,3965.524,38400000.0,547000000000.0
12809,Poland,2005,2.189,155.055,1.511,141.881,151.208,5.165,2.201,0.0,4.162,3.847,0.0,0.135,4041.153,38369000.0,568000000000.0
12810,Poland,2006,4.927,160.446,1.993,147.008,156.155,4.58,2.042,0.0,4.567,4.291,0.0,0.256,4183.29,38354000.0,594000000000.0
12811,Poland,2007,-0.321,158.509,2.556,144.009,153.08,4.483,2.352,0.0,4.588,5.429,0.0,0.522,4132.905,38353000.0,656000000000.0
12812,Poland,2008,1.698,154.643,3.618,138.895,148.036,4.679,2.152,0.0,4.462,6.607,0.0,0.837,4031.674,38357000.0,681000000000.0
12813,Poland,2009,-3.6,151.086,5.226,133.388,142.408,4.787,2.375,0.0,4.233,8.679,0.0,1.077,3939.466,38352000.0,732000000000.0
12814,Poland,2010,6.573,157.007,6.304,136.514,146.118,4.798,2.92,0.0,4.806,10.889,0.0,1.664,4096.191,38330000.0,791000000000.0
12815,Poland,2011,0.492,163.013,7.601,139.758,149.876,5.821,2.331,0.0,4.297,13.137,0.0,3.205,4257.649,38287000.0,843000000000.0
12816,Poland,2012,-3.046,161.63,10.094,134.573,144.751,6.26,2.037,0.0,3.918,16.879,0.001,4.747,4228.158,38227000.0,889000000000.0
12817,Poland,2013,0.284,163.91,8.622,137.718,146.844,5.27,2.439,0.0,3.856,17.066,0.001,6.004,4295.572,38158000.0,912000000000.0
12818,Poland,2014,-3.722,158.365,9.977,129.52,138.524,5.328,2.182,0.0,3.676,19.842,0.007,7.676,4157.556,38091000.0,939000000000.0
12819,Poland,2015,1.046,164.226,9.937,130.519,141.542,6.387,1.832,0.0,4.636,22.684,0.057,10.858,4317.881,38034000.0,975000000000.0
12820,Poland,2016,4.402,166.087,7.956,130.322,143.28,7.831,2.139,0.0,5.127,22.807,0.124,12.588,4371.981,37989000.0,1000000000000.0
12821,Poland,2017,3.962,169.929,6.488,131.159,145.807,10.035,2.56,0.0,4.614,24.122,0.165,14.909,4477.36,37953000.0,
12822,Poland,2018,1.573,169.497,6.548,130.563,147.88,12.634,1.97,0.0,4.683,21.617,0.3,12.799,4469.626,37922000.0,
12823,Poland,2019,-2.426,162.627,6.813,118.854,138.123,14.53,1.928,0.0,4.738,24.505,0.725,15.039,4292.314,37888000.0,
12925,Portugal,2000,3.087,43.372,1.296,14.595,30.504,7.138,11.323,0.0,8.771,12.868,0.001,0.168,4212.101,10297000.0,220000000000.0
12926,Portugal,2001,1.311,46.168,1.345,13.606,30.427,7.212,14.034,0.0,9.609,15.741,0.001,0.256,4464.559,10341000.0,222000000000.0
12927,Portugal,2002,-0.418,45.65,1.473,15.212,35.917,9.037,7.8,0.0,11.668,9.733,0.002,0.362,4395.34,10386000.0,225000000000.0
12928,Portugal,2003,2.235,46.521,1.391,14.527,28.818,7.74,15.723,0.0,6.551,17.703,0.003,0.496,4460.307,10430000.0,222000000000.0
12929,Portugal,2004,-1.652,44.827,1.542,14.858,32.513,11.69,9.869,0.0,5.965,12.314,0.003,0.816,4281.108,10471000.0,220000000000.0
12930,Portugal,2005,0.031,46.187,1.681,15.226,37.928,13.608,4.731,0.0,9.094,8.259,0.003,1.773,4395.372,10508000.0,238000000000.0
12931,Portugal,2006,-1.181,48.576,1.705,14.958,32.854,12.344,11.002,0.0,5.552,15.723,0.005,2.925,4607.461,10543000.0,249000000000.0
12932,Portugal,2007,0.729,46.895,1.864,12.398,30.678,13.124,10.092,0.0,5.156,16.218,0.024,4.037,4435.377,10573000.0,262000000000.0
12933,Portugal,2008,-3.428,45.474,1.852,11.196,30.833,15.199,6.799,0.0,4.438,14.641,0.041,5.757,4291.999,10595000.0,258000000000.0
12934,Portugal,2009,0.617,49.482,2.086,12.896,31.191,14.712,8.284,0.0,3.583,18.291,0.16,7.577,4666.357,10604000.0,263000000000.0
12935,Portugal,2010,4.883,53.687,2.614,7.1,25.335,14.9,16.148,0.0,3.335,28.352,0.211,9.182,5066.699,10596000.0,269000000000.0
12936,Portugal,2011,-4.508,51.883,2.924,9.848,27.769,14.916,11.539,0.0,3.005,24.115,0.28,9.162,4909.003,10569000.0,264000000000.0
12937,Portugal,2012,-8.578,45.574,2.951,13.087,26.201,10.67,5.623,0.0,2.444,19.372,0.393,10.26,4329.616,10526000.0,269000000000.0
12938,Portugal,2013,9.293,50.53,3.051,11.838,21.058,7.228,13.73,0.0,1.992,29.472,0.479,12.015,4824.811,10473000.0,269000000000.0
12939,Portugal,2014,0.661,51.954,3.048,11.952,20.393,6.834,15.569,0.0,1.607,31.561,0.627,12.111,4986.898,10418000.0,276000000000.0
12940,Portugal,2015,-0.573,51.273,3.104,14.727,26.901,10.562,8.661,0.0,1.612,24.372,0.796,11.608,4945.266,10368000.0,281000000000.0
12941,Portugal,2016,5.268,59.142,3.07,12.63,26.832,12.582,15.723,0.0,1.62,32.31,0.871,12.474,5727.499,10326000.0,285000000000.0
12942,Portugal,2017,-0.816,57.697,3.22,14.666,35.124,18.895,5.897,0.0,1.563,22.573,0.992,12.248,5607.647,10289000.0,
12943,Portugal,2018,0.265,58.401,3.156,12.006,28.999,15.612,12.393,0.0,1.381,29.402,1.006,12.617,5694.342,10256000.0,
12944,Portugal,2019,-3.166,51.827,3.42,6.014,24.036,16.834,9.211,0.0,1.187,27.792,1.241,13.69,5068.195,10226000.0,
14553,Spain,2000,5.703,220.917,1.493,79.094,124.221,20.178,28.256,62.206,24.949,34.49,0.014,4.727,5411.317,40825000.0,1090000000000.0
14554,Spain,2001,4.574,233.06,1.631,70.27,120.057,23.358,40.888,63.708,26.429,49.295,0.017,6.759,5640.504,41319000.0,1130000000000.0
14555,Spain,2002,1.205,239.905,2.586,81.182,143.719,32.386,21.224,63.016,30.151,33.17,0.018,9.342,5722.925,41920000.0,1190000000000.0
14556,Spain,2003,5.823,257.292,3.184,74.722,139.655,39.368,40.483,61.875,25.565,55.762,0.02,12.075,6040.285,42596000.0,1180000000000.0
14557,Spain,2004,4.022,273.656,3.33,79.106,159.913,55.46,31.084,63.606,25.347,50.137,0.024,15.7,6318.84,43308000.0,1230000000000.0
14558,Spain,2005,0.871,284.458,2.653,79.053,184.649,79.011,18.393,57.539,26.585,42.27,0.048,21.176,6462.163,44019000.0,1300000000000.0
14559,Spain,2006,1.404,295.259,2.774,66.739,182.978,90.57,25.959,60.126,25.669,52.155,0.125,23.297,6601.063,44729000.0,1420000000000.0
14560,Spain,2007,1.993,301.522,2.898,72.795,188.129,94.799,27.309,55.103,20.535,58.29,0.515,27.568,6637.219,45429000.0,1530000000000.0
14561,Spain,2008,-2.837,310.671,3.254,48.714,189.555,120.798,23.364,58.973,20.043,62.143,2.578,32.946,6743.594,46069000.0,1560000000000.0
14562,Spain,2009,-7.553,291.528,3.488,35.91,164.687,107.746,26.411,52.761,21.031,74.08,6.064,38.117,6258.114,46584000.0,1550000000000.0
14563,Spain,2010,2.473,298.161,4.015,25.334,138.395,94.851,42.304,61.99,18.21,97.776,7.186,44.271,6353.182,46931000.0,1520000000000.0
14564,Spain,2011,-1.877,291.361,4.609,43.98,146.121,85.508,30.596,57.718,16.633,87.522,9.399,42.918,6188.111,47084000.0,1500000000000.0
14565,Spain,2012,-0.546,293.767,4.977,55.074,145.335,73.308,20.545,61.47,16.953,86.962,11.968,49.472,6241.987,47063000.0,1490000000000.0
14566,Spain,2013,-5.339,281.444,5.799,39.941,113.313,57.536,36.865,56.726,15.836,111.406,13.096,55.646,5996.984,46931000.0,1490000000000.0
14567,Spain,2014,-1.909,274.948,5.414,43.807,107.375,47.274,39.169,57.305,16.294,110.268,13.672,52.013,5877.729,46778000.0,1520000000000.0
14568,Spain,2015,1.331,277.468,5.764,51.366,123.183,52.499,28.14,57.196,19.318,97.088,13.859,49.325,5945.055,46672000.0,1570000000000.0
14569,Spain,2016,0.932,271.196,5.69,36.434,107.93,52.828,36.395,58.633,18.668,104.633,13.643,48.905,5815.405,46634000.0,1480000000000.0
14570,Spain,2017,1.307,272.887,6.078,45.127,126.924,64.039,18.322,58.039,17.758,87.924,14.397,49.127,5850.044,46647000.0,
14571,Spain,2018,1.384,271.889,5.911,37.341,112.238,58.004,34.334,55.766,16.893,103.885,12.744,50.896,5822.907,46693000.0,
14572,Spain,2019,-1.669,271.518,5.882,12.25,112.763,84.101,24.909,58.448,16.411,100.308,15.147,54.369,5809.495,46737000.0,
14889,Sweden,2000,-7.611,145.231,4.098,1.636,4.775,0.484,78.584,57.316,2.655,83.14,0.001,0.457,16351.207,8882000.0,323000000000.0
14890,Sweden,2001,7.358,161.595,3.777,1.879,6.165,0.395,79.06,72.109,3.891,83.321,0.002,0.482,18160.769,8898000.0,317000000000.0
14891,Sweden,2002,-6.24,146.7,4.175,2.373,7.444,0.556,66.36,68.111,4.515,71.145,0.002,0.608,16444.308,8921000.0,323000000000.0
14892,Sweden,2003,-3.953,135.379,4.51,2.846,9.233,0.73,53.54,67.415,5.657,58.731,0.002,0.679,15124.435,8951000.0,330000000000.0
14893,Sweden,2004,7.389,151.684,7.201,1.01,6.011,0.776,60.123,77.486,4.225,68.187,0.002,0.86,16870.664,8991000.0,346000000000.0
14894,Sweden,2005,2.556,158.362,7.49,0.648,4.755,0.597,72.803,72.377,3.51,81.23,0.002,0.935,17519.887,9039000.0,343000000000.0
14895,Sweden,2006,-5.971,143.283,8.359,0.879,5.239,0.596,61.722,66.977,3.764,71.068,0.002,0.984,15752.347,9096000.0,361000000000.0
14896,Sweden,2007,1.289,148.819,9.836,0.649,4.426,0.834,66.159,66.969,2.943,77.424,0.003,1.426,16241.285,9163000.0,387000000000.0
14897,Sweden,2008,-1.705,149.896,10.337,0.514,4.598,0.618,69.069,63.889,3.466,81.409,0.004,1.998,16229.484,9236000.0,390000000000.0
14898,Sweden,2009,-8.433,136.609,11.46,0.515,4.626,1.563,65.852,52.173,2.548,79.81,0.007,2.491,14668.601,9313000.0,375000000000.0
14899,Sweden,2010,5.964,148.443,12.191,1.022,8.53,2.909,66.398,57.828,4.599,82.085,0.009,3.487,15808.574,9390000.0,394000000000.0
14900,Sweden,2011,-1.22,150.283,11.536,0.657,5.72,1.582,66.434,60.475,3.481,84.088,0.011,6.107,15874.457,9467000.0,398000000000.0
14901,Sweden,2012,5.924,166.434,12.194,0.483,4.088,0.915,78.932,64.037,2.69,98.309,0.019,7.164,17440.428,9543000.0,405000000000.0
14902,Sweden,2013,-6.124,153.031,11.45,0.653,3.886,0.854,61.361,66.457,2.379,82.688,0.035,9.842,15910.882,9618000.0,406000000000.0
14903,Sweden,2014,-0.481,153.553,10.696,0.371,2.935,0.422,63.763,64.877,2.142,85.741,0.047,11.235,15843.269,9692000.0,409000000000.0
14904,Sweden,2015,3.091,161.985,10.765,0.387,3.141,0.446,75.312,56.348,2.308,102.496,0.097,16.322,16588.375,9765000.0,426000000000.0
14905,Sweden,2016,-1.587,155.891,11.487,0.263,3.663,0.679,62.018,63.101,2.721,89.127,0.143,15.479,15848.987,9836000.0,440000000000.0
14906,Sweden,2017,3.199,164.225,12.076,0.322,3.471,0.328,65.143,65.696,2.821,95.058,0.23,17.609,16580.01,9905000.0,
14907,Sweden,2018,-1.97,163.359,11.913,0.335,3.657,0.385,62.21,68.549,2.937,91.153,0.407,16.623,16381.769,9972000.0,
14908,Sweden,2019,3.47,170.601,12.873,0.335,3.657,0.385,66.568,67.176,2.937,99.768,0.407,19.92,16998.941,10036000.0,
14945,Switzerland,2000,-2.372,64.369,1.746,0.0,1.019,0.0,36.466,25.124,1.019,38.226,0.011,0.003,9010.213,7144000.0,313000000000.0
14946,Switzerland,2001,6.742,69.239,1.831,0.0,1.027,0.0,40.895,25.47,1.027,42.742,0.012,0.004,9644.717,7179000.0,312000000000.0
14947,Switzerland,2002,-6.791,63.686,1.883,0.0,1.05,0.0,34.862,25.872,1.05,36.764,0.014,0.005,8820.773,7220000.0,319000000000.0
14948,Switzerland,2003,-1.075,63.606,1.9,0.0,1.1,0.0,34.471,26.113,1.1,36.393,0.017,0.005,8751.486,7268000.0,318000000000.0
14949,Switzerland,2004,-1.421,62.109,1.987,0.0,1.078,0.0,33.411,25.61,1.078,35.421,0.017,0.006,8480.227,7324000.0,329000000000.0
14950,Switzerland,2005,-3.975,56.178,2.109,0.0,1.019,0.0,30.914,22.109,1.019,33.05,0.019,0.008,7604.924,7387000.0,345000000000.0
14951,Switzerland,2006,4.074,60.32,2.334,0.0,0.926,0.0,30.649,26.373,0.926,33.021,0.023,0.015,8087.936,7458000.0,369000000000.0
14952,Switzerland,2007,-1.358,64.595,2.303,0.0,0.862,0.0,34.898,26.489,0.862,37.244,0.027,0.016,8570.391,7537000.0,404000000000.0
14953,Switzerland,2008,3.371,65.197,2.389,0.0,0.804,0.0,35.676,26.275,0.804,38.118,0.034,0.019,8552.651,7623000.0,427000000000.0
14954,Switzerland,2009,-0.271,64.843,2.373,0.0,0.764,0.0,35.366,26.267,0.764,37.812,0.05,0.023,8405.872,7714000.0,427000000000.0
14955,Switzerland,2010,-2.676,64.633,2.425,0.0,1.03,0.0,35.704,25.343,1.03,38.26,0.094,0.037,8276.758,7809000.0,433000000000.0
14956,Switzerland,2011,-5.041,61.482,2.53,0.0,0.951,0.0,32.069,25.694,0.951,34.837,0.168,0.07,7775.663,7907000.0,473000000000.0
14957,Switzerland,2012,5.503,66.696,2.741,0.0,0.904,0.0,38.218,24.445,0.904,41.347,0.3,0.088,8328.706,8008000.0,495000000000.0
14958,Switzerland,2013,2.645,67.157,2.866,0.0,0.75,0.0,38.08,24.871,0.75,41.536,0.5,0.09,8281.8,8109000.0,505000000000.0
14959,Switzerland,2014,-4.673,68.581,3.005,0.0,0.506,0.0,37.659,26.468,0.506,41.607,0.842,0.101,8357.387,8206000.0,514000000000.0
14960,Switzerland,2015,-2.209,64.707,2.818,0.0,0.625,0.0,37.879,22.156,0.625,41.926,1.119,0.11,7798.855,8297000.0,518000000000.0
14961,Switzerland,2016,-5.919,59.857,2.993,0.0,0.838,0.0,34.281,20.303,0.838,38.716,1.333,0.109,7142.897,8380000.0,525000000000.0
14962,Switzerland,2017,0.238,58.981,3.106,0.0,0.714,0.0,33.754,19.591,0.714,38.676,1.683,0.133,6975.095,8456000.0,
14963,Switzerland,2018,1.506,64.887,3.082,0.0,0.606,0.0,34.637,24.496,0.606,39.785,1.944,0.122,7610.521,8526000.0,
14964,Switzerland,2019,0.188,69.251,3.301,0.0,0.661,0.0,37.66,25.37,0.661,43.22,2.111,0.148,8060.913,8591000.0,
16228,United Kingdom,2000,0.855,374.375,3.936,119.95,279.342,148.077,5.086,85.063,11.315,9.97,0.001,0.947,6353.631,58923000.0,2030000000000.0
16229,United Kingdom,2001,1.105,382.368,4.526,131.461,282.725,141.905,4.056,90.094,9.359,9.549,0.002,0.965,6467.219,59124000.0,2090000000000.0
16230,United Kingdom,2002,-2.247,384.593,5.079,124.279,285.62,152.276,4.788,87.848,9.065,11.125,0.003,1.256,6482.707,59326000.0,2110000000000.0
16231,United Kingdom,2003,1.418,395.466,6.104,138.305,296.161,148.881,3.228,88.686,8.975,10.619,0.003,1.285,6639.687,59561000.0,2120000000000.0
16232,United Kingdom,2004,0.532,391.279,7.355,131.788,297.142,157.065,4.844,79.999,8.289,14.138,0.004,1.935,6535.149,59873000.0,2190000000000.0
16233,United Kingdom,2005,1.09,395.425,9.103,134.637,296.87,152.64,4.921,81.618,9.593,16.937,0.008,2.904,6558.93,60288000.0,2290000000000.0
16234,United Kingdom,2006,-1.222,393.431,9.278,148.85,299.874,140.828,4.593,75.451,10.196,18.106,0.011,4.225,6468.671,60821000.0,2340000000000.0
16235,United Kingdom,2007,-2.964,392.973,9.326,135.945,310.255,165.793,5.077,63.028,8.517,19.691,0.014,5.274,6394.488,61455000.0,2340000000000.0
16236,United Kingdom,2008,-1.809,384.831,9.567,124.382,310.498,176.219,5.141,52.486,9.897,21.847,0.017,7.122,6192.472,62145000.0,2340000000000.0
16237,United Kingdom,2009,-4.955,373.07,10.715,103.037,278.727,166.499,5.228,69.098,9.191,25.245,0.02,9.281,5937.861,62829000.0,2230000000000.0
16238,United Kingdom,2010,2.467,378.919,12.262,107.594,290.598,175.654,3.591,62.14,7.35,26.181,0.04,10.286,5970.997,63460000.0,2210000000000.0
16239,United Kingdom,2011,-5.463,365.078,13.314,108.442,260.885,146.499,5.691,68.98,5.944,35.213,0.244,15.963,5702.384,64022000.0,2220000000000.0
16240,United Kingdom,2012,1.227,360.912,14.735,142.793,249.258,100.17,5.31,70.405,6.295,41.249,1.354,19.847,5593.373,64525000.0,2290000000000.0
16241,United Kingdom,2013,-0.487,355.385,18.101,130.257,231.564,95.843,4.701,70.607,5.464,53.214,2.01,28.397,5468.812,64984000.0,2430000000000.0
16242,United Kingdom,2014,-5.774,335.217,22.62,100.239,206.946,100.893,5.888,63.748,5.814,64.523,4.054,31.959,5123.843,65423000.0,2480000000000.0
16243,United Kingdom,2015,1.123,335.347,28.469,75.878,182.426,99.875,6.297,70.345,6.672,82.576,7.533,40.275,5091.816,65860000.0,2530000000000.0
16244,United Kingdom,2016,-1.191,334.82,28.651,30.669,181.486,143.356,5.394,71.726,7.461,81.608,10.408,37.155,5050.235,66298000.0,2580000000000.0
16245,United Kingdom,2017,-0.283,333.231,30.024,22.53,165.857,136.746,5.902,70.336,6.58,97.038,11.475,49.633,4993.953,66727000.0,
16246,United Kingdom,2018,-0.337,328.244,32.87,16.831,155.05,131.49,5.49,65.064,6.729,108.131,12.857,56.904,4888.805,67142000.0,
16247,United Kingdom,2019,-1.56,319.515,33.968,6.941,145.006,131.276,5.858,57.176,6.788,117.333,12.97,64.527,4731.456,67530000.0,
